Region,Name,Source,Details,Google Maps URL
,Lemminkäisen temppeli,Jason's want-to-go,,"https://www.google.com/maps/@60.2632544,25.3244295,17z"
,Pääkslahti Nature Trail,Jason's want-to-go,,"https://www.google.com/maps/@60.3750558,24.2656620,17z"
,Paalijärvi Hiking Trail,Jason's want-to-go,,"https://www.google.com/maps/@63.0512498,23.9141426,17z"
,Myllylaavu lean-to shelter,Jason's want-to-go,,"https://www.google.com/maps/@62.1311570,21.6848997,17z"
,Kellolanlähde,Jason's want-to-go,,"https://www.google.com/maps/@61.0091879,25.1980001,17z"
,Riimukiven tila,Jason's want-to-go,Ranja's farm,"https://www.google.com/maps/@61.5261113,27.9364228,17z"
,Loketon Onkalo Parkki,Jason's want-to-go,,"https://www.google.com/maps/@61.5940498,28.0608428,17z"
,Navettavuori,Jason's want-to-go,,"https://www.google.com/maps/@62.3822807,22.9690935,17z"
,Kollinluola,Jason's want-to-go,,"https://www.google.com/maps/@62.3983965,22.8916387,17z"
,Devil's Nest (Jalasjärvi),Jason's want-to-go,,"https://www.google.com/maps/@62.3990715,22.8959760,17z"
,soukkajärven grillikota,Jason's want-to-go,,"https://www.google.com/maps/@62.4547943,23.4615143,17z"
,Watermill Ruins,Jason's want-to-go,,"https://www.google.com/maps/@60.2238007,24.6625187,17z"
,Otava Church Stones,Jason's want-to-go,,"https://www.google.com/maps/@61.6130129,27.1211745,17z"
,Café Konttori,Jason's want-to-go,Ossi's cafe,"https://www.google.com/maps/@59.8204127,22.9623599,17z"
,Killinkosken Wanha tehdasmiljöö,Jason's want-to-go,,"https://www.google.com/maps/@62.4032791,23.8916572,17z"
,Kammi-kylä,Jason's want-to-go,,"https://www.google.com/maps/@62.2942374,22.4513605,17z"
,Käskyvuori,Jason's want-to-go,,"https://www.google.com/maps/@62.3133743,23.1219724,17z"
,Suspension Bridge,Jason's want-to-go,,"https://www.google.com/maps/@60.5696505,26.8269520,17z"
,Orinoro Gorge,Jason's want-to-go,,"https://www.google.com/maps/@62.5056357,28.0116431,17z"
,Juustopolku,Jason's want-to-go,,"https://www.google.com/maps/@61.1884549,26.0366677,17z"
,Karhunahas,Jason's want-to-go,,"https://www.google.com/maps/@62.4202120,25.0775479,17z"
,Karnaistenkorpi Nature Trails,Jason's want-to-go,,"https://www.google.com/maps/@60.3014275,24.0341371,17z"
,Soikonvuoren Luola,Jason's want-to-go,,"https://www.google.com/maps/@60.6349997,27.6140077,17z"
,Kahviputiikki Papulaari,Jason's want-to-go,"Hang Outdoors hammock shop in cellar, Fri 11-18 / Sat 11-16 https://www.facebook.com/groups/155895528076846/permalink/1661413930858324/","https://www.google.com/maps/@60.8670781,26.6995061,17z"
,Lauhanvuori National Park,Jason's want-to-go,Bubbling underwater ponds,"https://www.google.com/maps/@62.1521157,22.1751258,17z"
,Hitonhauta,Jason's want-to-go,,"https://www.google.com/maps/@62.4901199,25.7458659,17z"
,Suokonmäen näkötorni,Jason's want-to-go,,"https://www.google.com/maps/@62.8395555,23.9521962,17z"
,Pirunkirkko,Jason's want-to-go,,"https://www.google.com/maps/@61.2996212,26.3910421,17z"
,Kissakivi,Tiia's list,,"https://www.google.com/maps/@62.7976333,27.0512833,17z"
,Kirkkokivet,Tiia's list,,"https://www.google.com/maps/@61.7808604,27.9077505,17z"
,Pyhänpään kalliomaalaukset,Tiia's list,,"https://www.google.com/maps/@61.6417960,25.4744738,17z"
,Pyytinvuori,Tiia's list,,"https://www.google.com/maps/@60.4652592,21.6484255,17z"
,Hvitsin jatulintarha,Tiia's list,,"https://www.google.com/maps/@60.2010046,21.8791115,17z"
,Äkässaivo,Tiia's list,,"https://www.google.com/maps/@67.6978369,24.1441685,17z"
,Pihtipudas,Tiia's list,,"https://www.google.com/maps/@63.3706094,25.5754706,17z"
,Jatulintarha,Tiia's list,,"https://www.google.com/maps/@60.4531391,26.2335418,17z"
,Heinävesi,Tiia's list,"Pirunkivi, LAT 62 21.507' LON 28 27.2791'","https://www.google.com/maps/@62.4228036,28.6317663,17z"
,Pyhätunturi,Tiia's list,,"https://www.google.com/maps/@67.0138889,27.1494444,17z"
,Koli,Tiia's list,,"https://www.google.com/maps/@63.1000000,29.8000000,17z"
,Värikallio Cliffs,Tiia's list,,"https://www.google.com/maps/@65.5139247,29.3036864,17z"
,Karhukivi,Tiia's list,,"https://www.google.com/maps/@63.5794670,29.2751830,17z"
,Markkinan kirkon muistomerkki,Tiia's list,Uhrimänty LAT 68 29.261' LON 22 17.85',"https://www.google.com/maps/@68.4881246,22.2971027,17z"
,Enkelinpesä,Tiia's list,,"https://www.google.com/maps/@61.7141867,27.8043030,17z"
,Kiikunlähde,Tiia's list,,"https://www.google.com/maps/@61.0306030,25.4161248,17z"
,Pyhä-Nattanen,Tiia's list,,"https://www.google.com/maps/@68.1225801,27.3692749,17z"
,Vanhalinnan Linnavuori,Tiia's list,,"https://www.google.com/maps/@60.4867499,22.3768505,17z"
,Kuopio Riistavesi,Tiia's list,"Koivumäen honka, LAT 62 53.282' LON 28 0.224'","https://www.google.com/maps/@62.9138708,28.1613970,17z"
,Taatsin seita,Tiia's list,,"https://www.google.com/maps/@68.2228800,25.5576787,17z"
,Otavan kirkkokivet,Tiia's list,,"https://www.google.com/maps/@61.6130129,27.1211745,17z"
,Karsikkosaari (luonnon pyhä),Tiia's list,,"https://www.google.com/maps/@62.4342591,29.4071154,17z"
,Hattuvaara,Tiia's list,,"https://www.google.com/maps/@62.9320419,31.2823339,17z"
,Lönnrotin petäjä,Tiia's list,,"https://www.google.com/maps/@62.0718006,29.6622340,17z"
,Vasarainen,Tiia's list,"LAT 61 4.866' LON 21 37.375''
Kylmäkorvenkallio, Rauma","https://www.google.com/maps/@61.0880339,21.5986790,17z"
,Kurikka,Tiia's list,"Navettavuori
LAT 62'22.93' LON 22 58.132*","https://www.google.com/maps/@62.6171324,22.3987049,17z"
,Jättiläissaaren jätinkirkko,Tiia's list,,"https://www.google.com/maps/@64.9289432,26.1279761,17z"
,Uhrikivenkadun kuppikivi,Tiia's list,,"https://www.google.com/maps/@61.0005070,24.4358200,17z"
,Valkealan Verlan kalliomaalaus,Tiia's list,,"https://www.google.com/maps/@61.0635305,26.6368353,17z"
,Uhrilähde,Tiia's list,,"https://www.google.com/maps/@61.7810183,22.7594977,17z"
,Sukulankangas,Tiia's list,"Sukularakan hiidenkirnut, Rovaniemi
LAT 66 24.005' LON 25 27.823'","https://www.google.com/maps/@66.3950528,25.4394903,17z"
,Tammiluodon Viinitila,Tiia's list,,"https://www.google.com/maps/@60.2796123,22.3581142,17z"
,Neitvuori,Tiia's list,,"https://www.google.com/maps/@61.6696896,27.7479565,17z"
,Ollinmäen viinitila,Tiia's list,,"https://www.google.com/maps/@61.5983974,27.5293102,17z"
,Leväluhdan uhrilähde,Tiia's list,,"https://www.google.com/maps/@62.9499027,22.4184236,17z"
,Sammallahdenmäki,Tiia's list,,"https://www.google.com/maps/@61.1200887,21.7739897,17z"
,Eräpyhä,Tiia's list,,"https://www.google.com/maps/@61.5807454,24.4818037,17z"
,Tarvasjoki,Tiia's list,"Lähellä perhekoti Kirsikkalaaksoa
Tarvasjoen Hiisi, Lieto
LAT 60 35.795' LON 22 44.133'","https://www.google.com/maps/@60.5840080,22.7376381,17z"
,Ailigas,Tiia's list,,"https://www.google.com/maps/@69.9000000,27.0500000,17z"
,Pyhän Laurin kirkko,Tiia's list,Pyhän Laurin lähde lat 60 53.39' LON 24 35.771',"https://www.google.com/maps/@60.8934377,24.5952305,17z"
,Somerojanlähde,Tiia's list,,"https://www.google.com/maps/@60.4706556,23.0917613,17z"
,Pirunkirkko,Tiia's list,,"https://www.google.com/maps/@61.4444216,29.2264100,17z"
,Pieksämäki,Tiia's list,"Mustalammen ukonkivi, LAT 62 23.13' LON 39.468'","https://www.google.com/maps/@62.2949951,27.1330500,17z"
,Kuninkaanhauta,Tiia's list,röykkiöhauta eli hiidenkiuas,"https://www.google.com/maps/@61.2191962,21.9794221,17z"
,Alajärvi,Tiia's list,"Pyhävuori 
LAT 63 4.718' LON 23 44.149'","https://www.google.com/maps/@63.0001054,23.8159263,17z"
,Inari,Tiia's list,,"https://www.google.com/maps/@68.9062035,27.0277551,17z"
,Kurtinvuoren Onkalo ja kalliomaalaus,Tiia's list,,"https://www.google.com/maps/@62.1435170,28.9287670,17z"
,Kiinteistö Oy Rillankivi,Tiia's list,,"https://www.google.com/maps/@63.6813401,25.9864646,17z"
,Kynsikaivoniemen raukit,Tiia's list,,"https://www.google.com/maps/@61.7305789,26.8595241,17z"
,Vitträskin kalliomaalaukset,Tiia's list,,"https://www.google.com/maps/@60.1855359,24.5217395,17z"
,Kajaani,Tiia's list,"Akkovaara, Oulujärven itäranta
LAT 64 14.103' LON 27 29.424'","https://www.google.com/maps/@64.2221775,27.7278497,17z"
,Paljakkavuoren luolat,Tiia's list,,"https://www.google.com/maps/@63.5611597,26.6683961,17z"
,Ukonkivi,Tiia's list,,"https://www.google.com/maps/@68.9387780,27.2923060,17z"
,Timin mänty,Tiia's list,Uhrimänty,"https://www.google.com/maps/@61.6441959,23.2622553,17z"
,Mustalähde,Tiia's list,,"https://www.google.com/maps/@63.2316612,27.1053516,17z"
,Saraakallion kalliomaalaukset,Tiia's list,,"https://www.google.com/maps/@62.4176229,25.9973015,17z"
,Sulaoja,Tiia's list,"Sulaojan lähde, suomen suurin lähde 
LAT 60 23.717' LON 26 7.289'","https://www.google.com/maps/@69.3930010,26.1136600,17z"
,Puumala,Tiia's list,"LAT 61 29.45' LON 28 41.136'
Vuorilammen luolatemppeli","https://www.google.com/maps/@61.5238519,28.1777513,17z"
,Pakasaivo,Tiia's list,rotkojärvi,"https://www.google.com/maps/@67.6176169,23.7922410,17z"
,Vornanlähde,Tiia's list,,"https://www.google.com/maps/@63.1540269,26.8726021,17z"
,Hitonhauta,Tiia's list,rotko,"https://www.google.com/maps/@62.4901199,25.7458659,17z"
,Majasuo,Tiia's list,Jalkakivi LAT 60 44.152' LON 25 54.9',"https://www.google.com/maps/@60.7394744,25.9327150,17z"
,Kinnula,Tiia's list,"Karhupetäjä (puu) LAT 63 17.012' LON 24 56.013'
Karhupeijaispuu","https://www.google.com/maps/@63.3664350,24.9676764,17z"
,Jatulintarha,Tiia's list,,"https://www.google.com/maps/@60.4702574,22.1883260,17z"
,Kuninkaanlähde,Tiia's list,,"https://www.google.com/maps/@61.7747175,22.5282170,17z"
,Takapaltta,Tiia's list,Mätikän luola LAT 60 34.752' LON 22 6.982',"https://www.google.com/maps/@60.5755750,22.1035424,17z"
,Pyhäkankaan karsikkometsä (luonnon pyhät),Tiia's list,,"https://www.google.com/maps/@62.7608618,25.6704663,17z"
,Illaankivi (Luonnon Pyhä),Tiia's list,,"https://www.google.com/maps/@61.1969830,24.2663170,17z"
,Astuvansalmen kalliomaalaukset,Tiia's list,,"https://www.google.com/maps/@61.4600136,27.5406560,17z"
,Porttilouhi,Tiia's list,,"https://www.google.com/maps/@63.3906111,28.9482500,17z"
,Julma-Ölkky,Tiia's list,,"https://www.google.com/maps/@65.5517778,29.3281597,17z"
,Tapionpöytäkuusi (Luonnon Pyhä),Tiia's list,,"https://www.google.com/maps/@61.6519500,22.9005330,17z"
,Pedersören kunta,Tiia's list,Jätinkirkko Jäknabacken LAT 63 28.43' LON 23 6.848',"https://www.google.com/maps/@63.6006927,22.7969094,17z"
,Kupittaanpuisto,Tiia's list,,"https://www.google.com/maps/@60.4458734,22.2887093,17z"
,Metsokivenneva,Tiia's list,Rajakivi LAT 62 25.621' LON 25 7.491' (muinainen uhrikivi),"https://www.google.com/maps/@62.4272772,25.1311486,17z"
,Kastellin jätinkirkko,Tiia's list,,"https://www.google.com/maps/@64.6309446,24.7112927,17z"
,Puromäen uhrimänty,Tiia's list,,"https://www.google.com/maps/@62.5352887,29.4730564,17z"
,Ohtakari,Tiia's list,,"https://www.google.com/maps/@64.0913315,23.4031903,17z"
,Kuopio,Tiia's list,kapeenkivi LAT 63 6.43 LON 27 8.253,"https://www.google.com/maps/@62.8965859,27.6785574,17z"
,Viinitila Vanha-Penttilä Oy,Tiia's list,,"https://www.google.com/maps/@61.9537829,26.1529699,17z"
,Taikakivi,Tiia's list,,"https://www.google.com/maps/@62.6748170,28.7641170,17z"
,Pisa,Tiia's list,Kvartsiittivuori,"https://www.google.com/maps/@63.2166667,28.3000000,17z"
,Auranlaakso,Tiia's list,Kuppikivi LAT 60 27.910' LON 22 18.334',"https://www.google.com/maps/@60.4688588,22.3527515,17z"
